Country,Dystopia Residual,Economy (GDP per Capita),Family,Freedom,Generosity,Happiness Score,Health (Life Expectancy),Region,Trust (Government Corruption),Year
Switzerland,2.51738,1.39651,1.34951,0.66557,0.29678,7.587,0.94143,Western Europe,0.41978,2015
Iceland,2.70201,1.30232,1.40223,0.62877,0.4363,7.561,0.94784,Western Europe,0.14145,2015
Denmark,2.49204,1.32548,1.36058,0.64938,0.34139,7.527,0.87464,Western Europe,0.48357,2015
Norway,2.46531,1.459,1.33095,0.66973,0.34699,7.522,0.88521,Western Europe,0.36503,2015
Canada,2.45176,1.32629,1.32261,0.63297,0.45811,7.427,0.90563,North America,0.32957,2015
Finland,2.61955,1.29025,1.31826,0.64169,0.23351,7.406,0.88911,Western Europe,0.41372,2015
Netherlands,2.4657,1.32944,1.28017,0.61576,0.4761,7.378,0.89284,Western Europe,0.31814,2015
Sweden,2.37119,1.33171,1.28907,0.6598,0.36262,7.364,0.91087,Western Europe,0.43844,2015
New Zealand,2.26425,1.25018,1.31967,0.63938,0.47501,7.286,0.90837,Australia and New Zealand,0.42922,2015
Australia,2.26646,1.33358,1.30923,0.65124,0.43562,7.284,0.93156,Australia and New Zealand,0.35637,2015
Israel,3.08854,1.22857,1.22393,0.41319,0.33172,7.278,0.91387,Middle East and Northern Africa,0.07785,2015
Costa Rica,3.17728,0.95578,1.23788,0.63376,0.25497,7.226,0.86027,Latin America and Caribbean,0.10583,2015
Austria,2.5332,1.33723,1.29704,0.62433,0.33088,7.2,0.89042,Western Europe,0.18676,2015
Mexico,3.60214,1.02054,0.91451,0.48181,0.14074,7.187,0.81444,Latin America and Caribbean,0.21312,2015
United States,2.51011,1.39451,1.24711,0.54604,0.40105,7.119,0.86179,North America,0.1589,2015
Brazil,3.26001,0.98124,1.23287,0.49049,0.14574,6.983,0.69702,Latin America and Caribbean,0.17521,2015
Luxembourg,1.96961,1.56391,1.21963,0.61583,0.28034,6.946,0.91894,Western Europe,0.37798,2015
Ireland,1.9757,1.33596,1.36948,0.61777,0.45901,6.94,0.89533,Western Europe,0.28703,2015
Belgium,2.41484,1.30782,1.28566,0.5845,0.2225,6.937,0.89667,Western Europe,0.2254,2015
United Arab Emirates,2.24743,1.42727,1.12575,0.64157,0.26428,6.901,0.80925,Middle East and Northern Africa,0.38583,2015
United Kingdom,1.96994,1.26637,1.28548,0.59625,0.51912,6.867,0.90943,Western Europe,0.32067,2015
Venezuela,3.19131,1.04424,1.25596,0.42908,0.05841,6.81,0.72052,Latin America and Caribbean,0.11069,2015
Singapore,1.88501,1.52186,1.02,0.54252,0.31105,6.798,1.02525,Southeastern Asia,0.4921,2015
Panama,2.84848,1.06353,1.1985,0.5421,0.24434,6.786,0.79661,Latin America and Caribbean,0.0927,2015
Germany,2.11569,1.32792,1.29937,0.61477,0.28214,6.75,0.89186,Western Europe,0.21843,2015
Chile,2.67585,1.10715,1.12447,0.44132,0.33363,6.67,0.85857,Latin America and Caribbean,0.12869,2015
Qatar,1.55674,1.69042,1.0786,0.6404,0.32573,6.611,0.79733,Middle East and Northern Africa,0.52208,2015
France,2.21126,1.27778,1.26038,0.55011,0.12332,6.575,0.94579,Western Europe,0.20646,2015
Argentina,2.836,1.05351,1.24823,0.44974,0.11451,6.574,0.78723,Latin America and Caribbean,0.08484,2015
Czech Republic,2.67782,1.17898,1.20643,0.46364,0.10686,6.505,0.84483,Central and Eastern Europe,0.02652,2015
Uruguay,2.32142,1.06166,1.2089,0.60362,0.2324,6.485,0.8116,Latin America and Caribbean,0.24558,2015
Colombia,2.85737,0.91861,1.24018,0.53466,0.18401,6.477,0.69077,Latin America and Caribbean,0.0512,2015
Thailand,2.31945,0.9669,1.26504,0.55664,0.5763,6.455,0.7385,Southeastern Asia,0.03187,2015
Saudi Arabia,2.43872,1.39541,1.08393,0.31048,0.13706,6.411,0.72025,Middle East and Northern Africa,0.32524,2015
Spain,2.12367,1.23011,1.31379,0.45951,0.18227,6.329,0.95562,Western Europe,0.06398,2015
Malta,1.6488,1.2074,1.30203,0.60365,0.51752,6.302,0.88721,Western Europe,0.13586,2015
Kuwait,1.87634,1.55422,1.16594,0.55499,0.16228,6.295,0.72492,Middle East and Northern Africa,0.25609,2015
Trinidad and Tobago,2.26882,1.21183,1.18354,0.55884,0.31844,6.168,0.61483,Latin America and Caribbean,0.0114,2015
El Salvador,3.035,0.76454,1.02507,0.4035,0.10692,6.13,0.67737,Latin America and Caribbean,0.11776,2015
Guatemala,2.74255,0.74553,1.04356,0.57733,0.27489,6.123,0.64425,Latin America and Caribbean,0.09472,2015
Uzbekistan,2.23741,0.63244,1.34043,0.65821,0.22837,6.003,0.59772,Central and Eastern Europe,0.30826,2015
Slovakia,2.24639,1.16891,1.26999,0.31751,0.16893,5.995,0.78902,Central and Eastern Europe,0.03431,2015
Japan,1.68435,1.27074,1.25712,0.49615,0.10705,5.987,0.99111,Eastern Asia,0.1806,2015
South Korea,2.21978,1.24461,0.95774,0.33208,0.18557,5.984,0.96538,Eastern Asia,0.07857,2015
Ecuador,2.53942,0.86402,0.99903,0.48574,0.11541,5.975,0.79075,Latin America and Caribbean,0.1809,2015
Bahrain,1.73797,1.32376,1.21624,0.45492,0.17362,5.96,0.74716,Middle East and Northern Africa,0.306,2015
Italy,2.02518,1.25114,1.19777,0.26236,0.22823,5.948,0.95446,Western Europe,0.02901,2015
Bolivia,2.82334,0.68133,0.97841,0.57414,0.20536,5.89,0.5392,Latin America and Caribbean,0.088,2015
Moldova,3.10712,0.59448,1.01528,0.32818,0.20951,5.889,0.61826,Central and Eastern Europe,0.01615,2015
Paraguay,2.18896,0.75985,1.30477,0.53899,0.3424,5.878,0.66098,Latin America and Caribbean,0.08242,2015
Kazakhstan,2.24729,1.12254,1.12241,0.51649,0.11827,5.855,0.64368,Central and Eastern Europe,0.08454,2015
Slovenia,1.61583,1.18498,1.27385,0.60855,0.25328,5.848,0.87337,Central and Eastern Europe,0.03787,2015
Lithuania,2.44649,1.14723,1.25745,0.21342,0.02641,5.833,0.73128,Central and Eastern Europe,0.01031,2015
Nicaragua,2.32407,0.59325,1.14184,0.55475,0.27815,5.828,0.74314,Latin America and Caribbean,0.19317,2015
Peru,2.5945,0.90019,0.97459,0.41496,0.14982,5.824,0.73017,Latin America and Caribbean,0.05989,2015
Belarus,2.1309,1.03192,1.23289,0.37938,0.11046,5.813,0.73608,Central and Eastern Europe,0.1909,2015
Poland,1.86565,1.12555,1.27948,0.53122,0.16759,5.791,0.77903,Central and Eastern Europe,0.04212,2015
Malaysia,1.88541,1.12486,1.07023,0.53024,0.33075,5.77,0.72394,Southeastern Asia,0.10501,2015
Croatia,2.75414,1.08254,0.79624,0.25883,0.05444,5.759,0.78805,Central and Eastern Europe,0.0243,2015
Libya,2.09066,1.13145,1.11862,0.41668,0.18295,5.754,0.7038,Middle East and Northern Africa,0.11023,2015
Russia,2.27394,1.13764,1.23617,0.36679,0.00199,5.716,0.66926,Central and Eastern Europe,0.03005,2015
Jamaica,2.32038,0.81038,1.15102,0.50442,0.2123,5.709,0.68741,Latin America and Caribbean,0.02299,2015
North Cyprus,1.59888,1.20806,1.07008,0.49027,0.26169,5.695,0.92356,Western Europe,0.1428,2015
Cyprus,1.88931,1.20813,0.89318,0.40672,0.30638,5.689,0.92356,Western Europe,0.06146,2015
Algeria,2.43209,0.93929,1.07772,0.28579,0.07822,5.605,0.61766,Middle East and Northern Africa,0.17383,2015
Kosovo,2.76579,0.80148,0.81198,0.24749,0.2831,5.589,0.63132,Central and Eastern Europe,0.04741,2015
Turkmenistan,1.86984,0.95847,1.22668,0.4761,0.16979,5.548,0.53886,Central and Eastern Europe,0.30844,2015
Mauritius,1.76145,1.00761,0.98521,0.56066,0.37744,5.477,0.7095,Sub-Saharan Africa,0.07521,2015
Estonia,1.58782,1.15174,1.22791,0.44888,0.0868,5.429,0.77361,Central and Eastern Europe,0.15184,2015
Indonesia,1.86399,0.82827,1.08708,0.46611,0.51535,5.399,0.63793,Southeastern Asia,0,2015
Vietnam,2.20173,0.63216,0.91226,0.59444,0.1686,5.36,0.74676,Southeastern Asia,0.10441,2015
Turkey,2.08528,1.06098,0.94632,0.22815,0.12253,5.332,0.73172,Middle East and Northern Africa,0.15746,2015
Kyrgyzstan,2.2327,0.47428,1.15115,0.43477,0.3003,5.286,0.65088,Central and Eastern Europe,0.04232,2015
Nigeria,2.89319,0.65435,0.90432,0.34334,0.27233,5.268,0.16007,Sub-Saharan Africa,0.0403,2015
Bhutan,1.63794,0.77042,1.10395,0.53206,0.47998,5.253,0.57407,Southern Asia,0.15445,2015
Azerbaijan,2.00073,1.02389,0.93793,0.3703,0.07799,5.212,0.64045,Central and Eastern Europe,0.16065,2015
Pakistan,3.10709,0.59543,0.41411,0.12102,0.33671,5.194,0.51466,Southern Asia,0.10464,2015
Jordan,1.87996,0.90198,1.05392,0.40661,0.11053,5.192,0.69639,Middle East and Northern Africa,0.14293,2015
Montenegro,2.10017,0.97438,0.90557,0.1826,0.1614,5.192,0.72521,Central and Eastern Europe,0.14296,2015
China,1.8604,0.89012,0.94675,0.51697,0.08185,5.14,0.81658,Eastern Asia,0.02781,2015
Zambia,2.6343,0.47038,0.91612,0.48827,0.19591,5.129,0.29924,Sub-Saharan Africa,0.12468,2015
Romania,1.93129,1.04345,0.88588,0.35068,0.13748,5.124,0.7689,Central and Eastern Europe,0.00649,2015
Serbia,2.025,0.92053,1.00964,0.20107,0.19231,5.123,0.74836,Central and Eastern Europe,0.02617,2015
Portugal,1.26462,1.15991,1.13935,0.51469,0.13719,5.102,0.87519,Western Europe,0.01078,2015
Latvia,1.62215,1.11312,1.09562,0.29671,0.18226,5.098,0.72437,Central and Eastern Europe,0.06332,2015
Philippines,1.7536,0.70532,1.03516,0.62545,0.24991,5.073,0.58114,Southeastern Asia,0.12279,2015
Morocco,2.45373,0.73479,0.64095,0.41691,0.07172,5.013,0.60954,Middle East and Northern Africa,0.08546,2015
Macedonia,1.73933,0.91851,1.00232,0.33457,0.22359,5.007,0.73545,Central and Eastern Europe,0.05327,2015
Albania,1.89894,0.87867,0.80434,0.35733,0.14272,4.959,0.81325,Central and Eastern Europe,0.06413,2015
Bosnia and Herzegovina,2.06367,0.83223,0.91916,0.09245,0.24808,4.949,0.79081,Central and Eastern Europe,0.00227,2015
Dominican Republic,1.21305,0.89537,1.17202,0.57672,0.21684,4.885,0.66825,Latin America and Caribbean,0.14234,2015
Mongolia,1.34759,0.82819,1.3006,0.43626,0.3323,4.874,0.60268,Eastern Asia,0.02666,2015
Greece,1.80101,1.15406,0.92933,0.07699,0,4.857,0.88213,Western Europe,0.01397,2015
Lebanon,1.57059,1.02564,0.80001,0.33916,0.21854,4.839,0.83947,Middle East and Northern Africa,0.04582,2015
Hungary,1.24074,1.12094,1.20215,0.32112,0.128,4.8,0.75905,Central and Eastern Europe,0.02758,2015
Honduras,1.84408,0.59532,0.95348,0.40148,0.23027,4.788,0.6951,Latin America and Caribbean,0.06825,2015
Tajikistan,2.11399,0.39047,0.85563,0.47216,0.22974,4.786,0.57379,Central and Eastern Europe,0.15072,2015
Tunisia,2.12466,0.88113,0.60429,0.26268,0.06431,4.739,0.73793,Middle East and Northern Africa,0.06358,2015
Palestinian Territories,2.04384,0.59867,0.92558,0.24499,0.11251,4.715,0.66015,Middle East and Northern Africa,0.12905,2015
Bangladesh,2.51767,0.39753,0.43106,0.4082,0.21222,4.694,0.60164,Southern Asia,0.12569,2015
Iran,1.6944,1.0088,0.54447,0.30033,0.38086,4.686,0.69805,Middle East and Northern Africa,0.05863,2015
Ukraine,1.5714,0.79907,1.20278,0.25123,0.15275,4.681,0.6739,Central and Eastern Europe,0.02961,2015
Iraq,1.95335,0.98549,0.81889,0,0.17922,4.677,0.60237,Middle East and Northern Africa,0.13788,2015
South Africa,1.71956,0.92049,1.18468,0.33207,0.11973,4.642,0.27688,Sub-Saharan Africa,0.08884,2015
Ghana,2.30919,0.54558,0.67954,0.42342,0.23087,4.633,0.40132,Sub-Saharan Africa,0.04355,2015
Zimbabwe,2.44191,0.271,1.03276,0.25861,0.18987,4.61,0.33475,Sub-Saharan Africa,0.08079,2015
Liberia,2.77729,0.0712,0.78968,0.28531,0.24362,4.571,0.34201,Sub-Saharan Africa,0.06232,2015
India,2.27513,0.64499,0.38174,0.39786,0.26475,4.565,0.51529,Southern Asia,0.08492,2015
Sudan,2.20857,0.52107,1.01404,0.10081,0.19062,4.55,0.36878,Sub-Saharan Africa,0.1466,2015
Haiti,2.24173,0.26673,0.74302,0.24425,0.46187,4.518,0.38847,Latin America and Caribbean,0.17175,2015
Congo (Kinshasa),2.86712,0,1.0012,0.22605,0.24834,4.517,0.09806,Sub-Saharan Africa,0.07625,2015
Nepal,1.95637,0.35997,0.86449,0.38282,0.32296,4.514,0.56874,Southern Asia,0.05907,2015
Ethiopia,2.44876,0.19073,0.60406,0.4345,0.24325,4.512,0.44055,Sub-Saharan Africa,0.15048,2015
Sierra Leone,2.51009,0.33024,0.95571,0.4084,0.21488,4.507,0,Sub-Saharan Africa,0.08786,2015
Mauritania,2.11773,0.45407,0.86908,0.24232,0.219,4.436,0.35874,Sub-Saharan Africa,0.17461,2015
Kenya,1.78555,0.36471,0.99876,0.42215,0.37542,4.419,0.41435,Sub-Saharan Africa,0.05839,2015
Armenia,1.75873,0.76821,0.77711,0.19847,0.07855,4.35,0.7299,Central and Eastern Europe,0.039,2015
Botswana,1.46181,0.99355,1.10464,0.49495,0.10461,4.332,0.04776,Sub-Saharan Africa,0.12474,2015
Myanmar,1.41805,0.27108,0.70905,0.44017,0.79588,4.307,0.48246,Southeastern Asia,0.19034,2015
Georgia,1.59541,0.7419,0.38562,0.40577,0.05547,4.297,0.72926,Central and Eastern Europe,0.38331,2015
Malawi,2.80791,0.01604,0.41134,0.43054,0.33128,4.292,0.22562,Sub-Saharan Africa,0.06977,2015
Sri Lanka,0.67108,0.83524,1.01905,0.53726,0.40828,4.271,0.70806,Southern Asia,0.09179,2015
Cameroon,1.95071,0.4225,0.88767,0.49309,0.20618,4.252,0.23402,Sub-Saharan Africa,0.05786,2015
Bulgaria,0.89991,1.01216,1.10614,0.30587,0.11921,4.218,0.76649,Central and Eastern Europe,0.00872,2015
Egypt,1.59927,0.8818,0.747,0.17288,0.11291,4.194,0.61712,Middle East and Northern Africa,0.06324,2015
Yemen,1.92313,0.54649,0.68093,0.35571,0.09131,4.077,0.40064,Middle East and Northern Africa,0.07854,2015
Angola,1.94939,0.75778,0.8604,0.10384,0.12344,4.033,0.16683,Sub-Saharan Africa,0.07122,2015
Mali,1.79293,0.26074,1.03526,0.38857,0.18798,3.995,0.20583,Sub-Saharan Africa,0.12352,2015
Congo (Brazzaville),1.68135,0.67866,0.6629,0.41466,0.12388,3.989,0.31051,Sub-Saharan Africa,0.11686,2015
Uganda,1.42766,0.21102,1.13299,0.45727,0.29066,3.931,0.33861,Sub-Saharan Africa,0.07267,2015
Senegal,1.44395,0.36498,0.97619,0.36772,0.20843,3.904,0.4354,Sub-Saharan Africa,0.10713,2015
Gabon,0.99895,1.06024,0.90528,0.31914,0.06822,3.896,0.43372,Sub-Saharan Africa,0.11091,2015
Niger,1.87877,0.0694,0.77265,0.47692,0.19387,3.845,0.29707,Sub-Saharan Africa,0.15639,2015
Cambodia,0.98195,0.46038,0.62736,0.66246,0.40359,3.819,0.61114,Southeastern Asia,0.07247,2015
Tanzania,1.38079,0.2852,1.00268,0.32878,0.34377,3.781,0.38215,Sub-Saharan Africa,0.05747,2015
Madagascar,1.851,0.20824,0.66801,0.19184,0.21333,3.681,0.46721,Sub-Saharan Africa,0.08124,2015
Chad,1.94296,0.34193,0.76062,0.23501,0.18386,3.667,0.1501,Sub-Saharan Africa,0.05269,2015
Guinea,1.99172,0.17417,0.46475,0.37725,0.28657,3.656,0.24009,Sub-Saharan Africa,0.12139,2015
Ivory Coast,1.41723,0.46534,0.77115,0.46866,0.20165,3.655,0.15185,Sub-Saharan Africa,0.17922,2015
Burkina Faso,1.46494,0.25812,0.85188,0.39493,0.21747,3.587,0.27125,Sub-Saharan Africa,0.12832,2015
Afghanistan,1.9521,0.31982,0.30285,0.23414,0.3651,3.575,0.30335,Southern Asia,0.09719,2015
Rwanda,0.67042,0.22208,0.7737,0.59201,0.22628,3.465,0.42864,Sub-Saharan Africa,0.55191,2015
Benin,1.63328,0.28665,0.35386,0.4845,0.1826,3.34,0.3191,Sub-Saharan Africa,0.0801,2015
Syria,0.32858,0.6632,0.47489,0.15684,0.47179,3.006,0.72193,Middle East and Northern Africa,0.18906,2015
Burundi,1.83302,0.0153,0.41587,0.1185,0.19727,2.905,0.22396,Sub-Saharan Africa,0.10062,2015
Togo,1.56726,0.20868,0.13995,0.36453,0.16681,2.839,0.28443,Sub-Saharan Africa,0.10731,2015
Denmark,2.73939,1.44178,1.16374,0.57941,0.36171,7.526,0.79504,Western Europe,0.44453,2016
Switzerland,2.69463,1.52733,1.14524,0.58557,0.28083,7.509,0.86303,Western Europe,0.41203,2016
Iceland,2.83137,1.42666,1.18326,0.56624,0.47678,7.501,0.86733,Western Europe,0.14975,2016
Norway,2.66465,1.57744,1.1269,0.59609,0.37895,7.498,0.79579,Western Europe,0.35776,2016
Finland,2.82596,1.40598,1.13464,0.57104,0.25492,7.413,0.81091,Western Europe,0.41004,2016
Canada,2.70485,1.44015,1.0961,0.5737,0.44834,7.404,0.8276,North America,0.31329,2016
Netherlands,2.70749,1.46468,1.02912,0.55211,0.47416,7.339,0.81231,Western Europe,0.29927,2016
New Zealand,2.47553,1.36066,1.17278,0.58147,0.49401,7.334,0.83096,Australia and New Zealand,0.41904,2016
Australia,2.5465,1.44443,1.10476,0.56837,0.47407,7.313,0.8512,Australia and New Zealand,0.32331,2016
Sweden,2.54734,1.45181,1.08764,0.58218,0.38254,7.291,0.83121,Western Europe,0.40867,2016
Israel,3.31029,1.33766,0.99537,0.36432,0.32288,7.267,0.84917,Middle East and Northern Africa,0.08728,2016
Austria,2.69343,1.45038,1.08383,0.54355,0.32865,7.119,0.80565,Western Europe,0.21348,2016
United States,2.72782,1.50796,1.04782,0.48163,0.41077,7.104,0.779,North America,0.14868,2016
Costa Rica,3.35168,1.06879,1.02152,0.55225,0.22553,7.087,0.76146,Latin America and Caribbean,0.10547,2016
Germany,2.50931,1.44787,1.09774,0.53466,0.30452,6.994,0.81487,Western Europe,0.28551,2016
Brazil,3.50733,1.08754,1.03938,0.40425,0.15776,6.952,0.61415,Latin America and Caribbean,0.14166,2016
Belgium,2.61355,1.42539,1.05249,0.51354,0.2424,6.929,0.81959,Western Europe,0.26248,2016
Ireland,2.15988,1.48341,1.16157,0.54008,0.44963,6.907,0.81455,Western Europe,0.29754,2016
Luxembourg,2.11055,1.69752,1.03999,0.5487,0.27571,6.871,0.84542,Western Europe,0.35329,2016
Mexico,3.55906,1.11508,0.7146,0.37709,0.11735,6.778,0.71143,Latin America and Caribbean,0.18355,2016
Singapore,1.99375,1.64555,0.86758,0.4877,0.32706,6.739,0.94719,Southeastern Asia,0.46987,2016
United Kingdom,2.14999,1.40283,1.08672,0.50036,0.50156,6.725,0.80991,Western Europe,0.27399,2016
Chile,2.95505,1.2167,0.90587,0.37789,0.31595,6.705,0.81883,Latin America and Caribbean,0.11451,2016
Panama,3.00559,1.18306,0.98912,0.48927,0.2418,6.701,0.70835,Latin America and Caribbean,0.08423,2016
Argentina,3.12985,1.15137,1.06612,0.42284,0.10989,6.65,0.69711,Latin America and Caribbean,0.07296,2016
Czech Republic,2.96211,1.30915,1.00793,0.41418,0.09929,6.596,0.76376,Central and Eastern Europe,0.03986,2016
United Arab Emirates,2.21507,1.57352,0.87114,0.56215,0.26591,6.573,0.72993,Middle East and Northern Africa,0.35561,2016
Uruguay,2.67139,1.18157,1.03143,0.54388,0.18056,6.545,0.72183,Latin America and Caribbean,0.21394,2016
Malta,1.99032,1.30782,1.09879,0.54994,0.56237,6.488,0.80315,Western Europe,0.17554,2016
Colombia,3.17471,1.03032,1.02169,0.44735,0.15626,6.481,0.59659,Latin America and Caribbean,0.05399,2016
France,2.4744,1.39488,1.00508,0.46562,0.1216,6.478,0.83795,Western Europe,0.17808,2016
Thailand,2.5796,1.0893,1.04477,0.49553,0.58696,6.474,0.64915,Southeastern Asia,0.02833,2016
Saudi Arabia,2.61482,1.48953,0.84829,0.37904,0.15457,6.379,0.59267,Middle East and Northern Africa,0.30008,2016
Qatar,1.58224,1.82427,0.87964,0.56679,0.32388,6.375,0.71723,Middle East and Northern Africa,0.48049,2016
Spain,2.39663,1.34253,1.12945,0.37545,0.17665,6.361,0.87896,Western Europe,0.06137,2016
Algeria,3.40904,1.05266,0.83309,0.21006,0.07044,6.355,0.61804,Middle East and Northern Africa,0.16157,2016
Guatemala,3.19863,0.83454,0.87119,0.50379,0.28808,6.324,0.54039,Latin America and Caribbean,0.08701,2016
Kuwait,2.28085,1.61714,0.87758,0.43166,0.15965,6.239,0.63569,Middle East and Northern Africa,0.23669,2016
Bahrain,2.27405,1.44024,0.94397,0.47375,0.17147,6.218,0.65696,Middle East and Northern Africa,0.25772,2016
Trinidad and Tobago,2.51394,1.32572,0.98569,0.48453,0.31935,6.168,0.52608,Latin America and Caribbean,0.01241,2016
Venezuela,2.97468,1.13367,1.03302,0.19847,0.0425,6.084,0.61904,Latin America and Caribbean,0.08304,2016
Slovakia,2.61065,1.27973,1.08268,0.23391,0.13837,6.078,0.70367,Central and Eastern Europe,0.02947,2016
El Salvador,3.22134,0.8737,0.80975,0.37269,0.08877,6.068,0.596,Latin America and Caribbean,0.10613,2016
Malaysia,2.35384,1.25142,0.88025,0.39031,0.41474,6.005,0.62366,Southeastern Asia,0.09081,2016
Nicaragua,2.82428,0.69384,0.89521,0.46582,0.29773,5.992,0.65213,Latin America and Caribbean,0.16292,2016
Uzbekistan,2.34638,0.73591,1.1681,0.60848,0.34326,5.987,0.50163,Central and Eastern Europe,0.28333,2016
Italy,2.34918,1.35495,1.04167,0.18827,0.16684,5.977,0.85102,Western Europe,0.02556,2016
Ecuador,2.77366,0.97306,0.85974,0.4027,0.10074,5.976,0.68613,Latin America and Caribbean,0.18037,2016
Japan,1.80584,1.38007,1.06054,0.46761,0.10224,5.921,0.91491,Eastern Asia,0.18985,2016
Kazakhstan,2.49325,1.22943,0.95544,0.4052,0.15011,5.919,0.57386,Central and Eastern Europe,0.11132,2016
Moldova,3.38007,0.69177,0.83132,0.25202,0.19997,5.897,0.52309,Central and Eastern Europe,0.01903,2016
Russia,2.59115,1.23228,1.05261,0.32682,0.02736,5.856,0.58991,Central and Eastern Europe,0.03586,2016
Poland,2.20035,1.24585,1.04685,0.4519,0.14443,5.835,0.69058,Central and Eastern Europe,0.055,2016
South Korea,2.35015,1.35948,0.72194,0.25168,0.18824,5.835,0.88645,Eastern Asia,0.07716,2016
Bolivia,2.91635,0.79422,0.83779,0.50961,0.21698,5.822,0.4697,Latin America and Caribbean,0.07746,2016
Lithuania,2.60525,1.2692,1.06411,0.18929,0.02025,5.813,0.64674,Central and Eastern Europe,0.0182,2016
Belarus,2.38582,1.13062,1.04993,0.29091,0.13942,5.802,0.63104,Central and Eastern Europe,0.17457,2016
North Cyprus,1.93447,1.31141,0.81826,0.43596,0.26322,5.771,0.84142,Western Europe,0.16578,2016
Slovenia,1.79522,1.29947,1.05613,0.53164,0.25738,5.768,0.79151,Central and Eastern Europe,0.03635,2016
Peru,2.73117,0.99602,0.81255,0.37502,0.14527,5.743,0.62994,Latin America and Caribbean,0.05292,2016
Turkmenistan,2.21489,1.08017,1.03817,0.37408,0.22567,5.658,0.44006,Central and Eastern Europe,0.28467,2016
Mauritius,2.20223,1.14372,0.75695,0.46145,0.36951,5.648,0.66189,Sub-Saharan Africa,0.05203,2016
Libya,2.39374,1.06688,0.95076,0.40672,0.17087,5.615,0.52304,Middle East and Northern Africa,0.10339,2016
Latvia,2.20859,1.21788,0.95025,0.27996,0.17445,5.56,0.63952,Central and Eastern Europe,0.0889,2016
Cyprus,2.04497,1.31857,0.70697,0.29507,0.27906,5.546,0.8488,Western Europe,0.05228,2016
Paraguay,2.16091,0.89373,1.11111,0.46235,0.25296,5.538,0.58295,Latin America and Caribbean,0.07396,2016
Romania,2.45184,1.1697,0.72803,0.36712,0.12889,5.528,0.67602,Central and Eastern Europe,0.00679,2016
Estonia,1.81985,1.27964,1.05163,0.41511,0.08423,5.517,0.68098,Central and Eastern Europe,0.18519,2016
Jamaica,2.35682,0.89333,0.96372,0.43597,0.22245,5.51,0.59469,Latin America and Caribbean,0.04294,2016
Croatia,2.52462,1.18649,0.60809,0.23907,0.18434,5.488,0.70524,Central and Eastern Europe,0.04002,2016
Kosovo,2.80998,0.90145,0.66062,0.14396,0.27992,5.401,0.54,Central and Eastern Europe,0.06547,2016
Turkey,2.29074,1.16492,0.87717,0.23889,0.04707,5.389,0.64718,Middle East and Northern Africa,0.12348,2016
Indonesia,2.03171,0.95104,0.87625,0.39237,0.56521,5.314,0.49374,Southeastern Asia,0.00322,2016
Jordan,2.20142,0.99673,0.86216,0.36023,0.14262,5.303,0.60712,Middle East and Northern Africa,0.13297,2016
Azerbaijan,2.2735,1.12373,0.76042,0.35327,0.0564,5.291,0.54504,Central and Eastern Europe,0.17914,2016
Philippines,2.23484,0.81217,0.87877,0.54854,0.21674,5.279,0.47036,Southeastern Asia,0.11757,2016
China,2.17087,1.0278,0.79381,0.44012,0.04959,5.245,0.73561,Eastern Asia,0.02745,2016
Bhutan,1.82916,0.8527,0.90836,0.46074,0.48546,5.196,0.49759,Southern Asia,0.1616,2016
Kyrgyzstan,2.28136,0.56044,0.95434,0.40212,0.38432,5.185,0.55449,Central and Eastern Europe,0.04762,2016
Serbia,2.27539,1.03437,0.81329,0.15718,0.20737,5.177,0.6458,Central and Eastern Europe,0.04339,2016
Bosnia and Herzegovina,2.48406,0.93383,0.64367,0.09511,0.29889,5.163,0.70766,Central and Eastern Europe,0,2016
Montenegro,2.25531,1.07838,0.74173,0.15111,0.17191,5.161,0.63533,Central and Eastern Europe,0.12721,2016
Dominican Republic,1.69626,1.02787,0.99496,0.52259,0.21286,5.155,0.57669,Latin America and Caribbean,0.12372,2016
Morocco,2.94891,0.84058,0.38595,0.25646,0.04053,5.151,0.59471,Middle East and Northern Africa,0.08404,2016
Hungary,1.95473,1.24142,0.93164,0.1977,0.099,5.145,0.67608,Central and Eastern Europe,0.04472,2016
Pakistan,3.18286,0.68816,0.26135,0.14622,0.31185,5.132,0.40306,Southern Asia,0.1388,2016
Lebanon,2.07339,1.12268,0.64184,0.26228,0.23693,5.129,0.76171,Middle East and Northern Africa,0.03061,2016
Portugal,1.53015,1.27607,0.94367,0.44727,0.11691,5.123,0.79363,Western Europe,0.01521,2016
Macedonia,2.08947,1.0193,0.78236,0.27668,0.23507,5.121,0.64738,Central and Eastern Europe,0.07047,2016
Vietnam,1.9418,0.74037,0.79117,0.55954,0.25075,5.061,0.66157,Southeastern Asia,0.11556,2016
Tunisia,2.68413,0.97724,0.43165,0.23553,0.03936,5.045,0.59577,Middle East and Northern Africa,0.0817,2016
Greece,2.12944,1.24886,0.75473,0.05822,0,5.033,0.80029,Western Europe,0.04127,2016
Tajikistan,2.39106,0.48835,0.75602,0.43408,0.25998,4.996,0.53119,Central and Eastern Europe,0.13509,2016
Mongolia,1.53586,0.98853,1.08983,0.35972,0.34539,4.907,0.55469,Eastern Asia,0.03285,2016
Nigeria,2.88586,0.75216,0.64498,0.27854,0.23219,4.875,0.05108,Sub-Saharan Africa,0.0305,2016
Honduras,2.29551,0.69429,0.75596,0.26755,0.2044,4.871,0.58383,Latin America and Caribbean,0.06906,2016
Iran,1.99817,1.11758,0.38857,0.22544,0.38538,4.813,0.64232,Middle East and Northern Africa,0.0557,2016
Zambia,2.58991,0.61202,0.6376,0.42662,0.17866,4.795,0.23573,Sub-Saharan Africa,0.11479,2016
Nepal,2.32694,0.44626,0.69699,0.37012,0.3816,4.793,0.50073,Southern Asia,0.07008,2016
Palestinian Territories,2.40364,0.67024,0.71629,0.17744,0.11154,4.754,0.56844,Middle East and Northern Africa,0.10613,2016
Albania,1.92816,0.9553,0.50163,0.31866,0.1684,4.655,0.73007,Central and Eastern Europe,0.05301,2016
Bangladesh,2.60904,0.54177,0.24749,0.39778,0.19132,4.643,0.52989,Southern Asia,0.12583,2016
Sierra Leone,3.01402,0.36485,0.628,0.30685,0.23897,4.635,0,Sub-Saharan Africa,0.08196,2016
Iraq,1.81657,1.07474,0.59205,0.24856,0.19589,4.575,0.51076,Middle East and Northern Africa,0.13636,2016
Cameroon,2.5198,0.52497,0.62542,0.42736,0.2268,4.513,0.12698,Sub-Saharan Africa,0.06126,2016
Ethiopia,2.65614,0.29283,0.37932,0.36703,0.29522,4.508,0.34578,Sub-Saharan Africa,0.1717,2016
South Africa,1.64227,1.02416,0.96053,0.42483,0.13656,4.459,0.18611,Sub-Saharan Africa,0.08415,2016
Sri Lanka,0.91681,0.97318,0.84783,0.50817,0.46978,4.415,0.62007,Southern Asia,0.07964,2016
India,2.18032,0.74036,0.29247,0.40285,0.25028,4.404,0.45091,Southern Asia,0.08722,2016
Myanmar,1.50655,0.34112,0.69981,0.42692,0.81971,4.395,0.3988,Southeastern Asia,0.20243,2016
Egypt,1.96895,0.95395,0.49813,0.18847,0.12706,4.362,0.52116,Middle East and Northern Africa,0.10393,2016
Armenia,1.97864,0.86086,0.62477,0.14037,0.07793,4.36,0.64083,Central and Eastern Europe,0.03616,2016
Kenya,1.88326,0.52267,0.7624,0.40576,0.41328,4.356,0.30147,Sub-Saharan Africa,0.06686,2016
Ukraine,1.50066,0.87287,1.01413,0.12859,0.20363,4.324,0.58628,Central and Eastern Europe,0.01829,2016
Ghana,2.2002,0.63107,0.49353,0.40973,0.21203,4.276,0.29681,Sub-Saharan Africa,0.0326,2016
Congo (Kinshasa),2.74924,0.05661,0.80676,0.15602,0.25458,4.272,0.188,Sub-Saharan Africa,0.06075,2016
Georgia,1.87031,0.83792,0.19249,0.32461,0.06786,4.252,0.64035,Central and Eastern Europe,0.3188,2016
Congo (Brazzaville),2.10681,0.77109,0.47799,0.37938,0.12077,4.236,0.28212,Sub-Saharan Africa,0.09753,2016
Senegal,1.97861,0.44314,0.77416,0.31056,0.19103,4.219,0.40457,Sub-Saharan Africa,0.11681,2016
Bulgaria,1.15377,1.11306,0.92542,0.21219,0.12793,4.217,0.67806,Central and Eastern Europe,0.00615,2016
Mauritania,1.9263,0.61391,0.84142,0.1268,0.22686,4.201,0.28639,Sub-Saharan Africa,0.17955,2016
Zimbabwe,2.4427,0.35041,0.71478,0.25429,0.18503,4.193,0.1595,Sub-Saharan Africa,0.08582,2016
Malawi,2.82859,0.08709,0.147,0.4143,0.30968,4.156,0.29364,Sub-Saharan Africa,0.07564,2016
Sudan,2.10995,0.63069,0.81928,0,0.18077,4.139,0.29759,Sub-Saharan Africa,0.10039,2016
Gabon,1.45332,1.15851,0.72368,0.28098,0.06244,4.121,0.3494,Sub-Saharan Africa,0.09314,2016
Mali,2.11087,0.31292,0.86333,0.27544,0.21064,4.073,0.16347,Sub-Saharan Africa,0.13647,2016
Haiti,2.37116,0.34097,0.29561,0.12072,0.47958,4.028,0.27494,Latin America and Caribbean,0.14476,2016
Botswana,0.96741,1.09426,0.89186,0.44089,0.12425,3.974,0.34752,Sub-Saharan Africa,0.10769,2016
Ivory Coast,1.97478,0.55507,0.57576,0.40663,0.20338,3.916,0.04476,Sub-Saharan Africa,0.1553,2016
Cambodia,1.31573,0.55604,0.5375,0.58852,0.40339,3.907,0.42494,Southeastern Asia,0.08092,2016
Angola,2.09459,0.84731,0.66366,0.00589,0.12071,3.866,0.04991,Sub-Saharan Africa,0.08434,2016
Niger,2.09469,0.1327,0.6053,0.38041,0.2097,3.856,0.26162,Sub-Saharan Africa,0.17176,2016
Chad,2.30637,0.42214,0.63178,0.12807,0.18667,3.763,0.03824,Sub-Saharan Africa,0.04952,2016
Burkina Faso,1.87319,0.31995,0.63054,0.3337,0.24353,3.739,0.21297,Sub-Saharan Africa,0.12533,2016
Uganda,1.51416,0.34719,0.90981,0.43653,0.27102,3.739,0.19625,Sub-Saharan Africa,0.06442,2016
Yemen,1.97295,0.57939,0.47493,0.2287,0.09821,3.724,0.31048,Middle East and Northern Africa,0.05892,2016
Madagascar,2.15075,0.27954,0.46115,0.13684,0.2204,3.695,0.37109,Sub-Saharan Africa,0.07506,2016
Tanzania,1.37769,0.47155,0.77623,0.3176,0.31472,3.666,0.357,Sub-Saharan Africa,0.05099,2016
Liberia,2.23284,0.10706,0.50353,0.25748,0.24063,3.622,0.23165,Sub-Saharan Africa,0.04852,2016
Guinea,2.15604,0.22415,0.3109,0.30953,0.29914,3.607,0.18829,Sub-Saharan Africa,0.1192,2016
Rwanda,0.96819,0.32846,0.61586,0.5432,0.23552,3.515,0.31865,Sub-Saharan Africa,0.50521,2016
Benin,2.10812,0.39499,0.10419,0.39747,0.2018,3.484,0.21028,Sub-Saharan Africa,0.06681,2016
Afghanistan,2.14558,0.38227,0.11037,0.1643,0.31268,3.36,0.17344,Southern Asia,0.07112,2016
Togo,2.1354,0.28123,0,0.34678,0.17517,3.303,0.24811,Sub-Saharan Africa,0.11587,2016
Syria,0.81789,0.74719,0.14866,0.06912,0.48397,3.069,0.62994,Middle East and Northern Africa,0.17233,2016
Burundi,2.10404,0.06831,0.23442,0.0432,0.2029,2.905,0.15747,Sub-Saharan Africa,0.09419,2016
Norway,2.277,1.616,1.534,0.635,0.362,7.537,0.797,Western Europe,0.316,2017
Denmark,2.314,1.482,1.551,0.626,0.355,7.522,0.793,Western Europe,0.401,2017
Iceland,2.323,1.481,1.611,0.627,0.476,7.504,0.834,Western Europe,0.154,2017
Switzerland,2.277,1.565,1.517,0.62,0.291,7.494,0.858,Western Europe,0.367,2017
Finland,2.43,1.444,1.54,0.618,0.245,7.469,0.809,Western Europe,0.383,2017
Netherlands,2.295,1.504,1.429,0.585,0.47,7.377,0.811,Western Europe,0.283,2017
Canada,2.187,1.479,1.481,0.611,0.436,7.316,0.835,North America,0.287,2017
New Zealand,2.046,1.406,1.548,0.614,0.5,7.314,0.817,Australia and New Zealand,0.383,2017
Sweden,2.098,1.494,1.478,0.613,0.385,7.284,0.831,Western Europe,0.384,2017
Australia,2.065,1.484,1.51,0.602,0.478,7.284,0.844,Australia and New Zealand,0.301,2017
Israel,2.802,1.375,1.376,0.406,0.33,7.213,0.838,Middle East and Northern Africa,0.085,2017
Costa Rica,2.899,1.11,1.416,0.58,0.215,7.079,0.76,Latin America and Caribbean,0.1,2017
Austria,2.139,1.487,1.46,0.568,0.316,7.006,0.815,Western Europe,0.221,2017
United States,2.218,1.546,1.42,0.506,0.393,6.993,0.774,North America,0.136,2017
Ireland,1.774,1.536,1.558,0.573,0.428,6.977,0.81,Western Europe,0.298,2017
Germany,2.016,1.488,1.473,0.563,0.336,6.951,0.799,Western Europe,0.277,2017
Belgium,2.124,1.464,1.462,0.54,0.232,6.891,0.818,Western Europe,0.251,2017
Luxembourg,1.62,1.742,1.458,0.597,0.283,6.863,0.845,Western Europe,0.319,2017
United Kingdom,1.704,1.442,1.496,0.508,0.493,6.714,0.805,Western Europe,0.265,2017
Chile,2.51,1.253,1.284,0.377,0.327,6.652,0.819,Latin America and Caribbean,0.082,2017
United Arab Emirates,1.735,1.626,1.266,0.608,0.361,6.648,0.727,Middle East and Northern Africa,0.324,2017
Brazil,2.769,1.107,1.431,0.437,0.162,6.635,0.617,Latin America and Caribbean,0.111,2017
Czech Republic,2.452,1.353,1.434,0.491,0.088,6.609,0.754,Central and Eastern Europe,0.037,2017
Argentina,2.614,1.185,1.44,0.495,0.109,6.599,0.695,Latin America and Caribbean,0.06,2017
Mexico,2.837,1.153,1.211,0.413,0.121,6.578,0.71,Latin America and Caribbean,0.133,2017
Singapore,1.216,1.692,1.354,0.55,0.346,6.572,0.949,Southeastern Asia,0.464,2017
Malta,1.557,1.343,1.488,0.589,0.575,6.527,0.822,Western Europe,0.153,2017
Uruguay,2.172,1.218,1.412,0.579,0.175,6.454,0.719,Latin America and Caribbean,0.178,2017
Guatemala,2.894,0.872,1.256,0.531,0.283,6.454,0.54,Latin America and Caribbean,0.077,2017
Panama,2.307,1.234,1.373,0.55,0.211,6.452,0.706,Latin America and Caribbean,0.071,2017
France,2.006,1.431,1.388,0.47,0.13,6.442,0.844,Western Europe,0.173,2017
Thailand,2.04,1.128,1.426,0.58,0.572,6.424,0.647,Southeastern Asia,0.032,2017
Spain,1.928,1.384,1.532,0.409,0.19,6.403,0.889,Western Europe,0.071,2017
Qatar,1.145,1.871,1.274,0.604,0.33,6.375,0.71,Middle East and Northern Africa,0.439,2017
Colombia,2.616,1.071,1.402,0.477,0.149,6.357,0.595,Latin America and Caribbean,0.047,2017
Saudi Arabia,2.065,1.531,1.287,0.45,0.148,6.344,0.59,Middle East and Northern Africa,0.273,2017
Trinidad and Tobago,2.053,1.361,1.38,0.519,0.325,6.168,0.52,Latin America and Caribbean,0.009,2017
Kuwait,1.64,1.633,1.26,0.496,0.228,6.105,0.632,Middle East and Northern Africa,0.215,2017
Slovakia,2.098,1.325,1.505,0.296,0.137,6.098,0.713,Central and Eastern Europe,0.024,2017
Bahrain,1.656,1.488,1.323,0.537,0.173,6.087,0.653,Middle East and Northern Africa,0.257,2017
Malaysia,2.004,1.291,1.285,0.402,0.417,6.084,0.619,Southeastern Asia,0.066,2017
Nicaragua,2.514,0.737,1.287,0.448,0.302,6.071,0.653,Latin America and Caribbean,0.131,2017
Ecuador,2.29,1.001,1.286,0.455,0.15,6.008,0.686,Latin America and Caribbean,0.14,2017
El Salvador,2.715,0.91,1.182,0.432,0.078,6.003,0.596,Latin America and Caribbean,0.09,2017
Poland,1.798,1.292,1.446,0.52,0.158,5.973,0.699,Central and Eastern Europe,0.059,2017
Uzbekistan,1.817,0.786,1.549,0.658,0.416,5.971,0.498,Central and Eastern Europe,0.247,2017
Italy,1.813,1.395,1.445,0.256,0.173,5.964,0.853,Western Europe,0.028,2017
Russia,2.206,1.282,1.469,0.374,0.052,5.963,0.547,Central and Eastern Europe,0.033,2017
Japan,1.363,1.417,1.436,0.506,0.121,5.92,0.913,Eastern Asia,0.164,2017
Lithuania,2.228,1.315,1.474,0.234,0.01,5.902,0.629,Central and Eastern Europe,0.012,2017
Algeria,2.568,1.092,1.146,0.233,0.069,5.872,0.618,Middle East and Northern Africa,0.146,2017
Latvia,1.994,1.261,1.405,0.326,0.153,5.85,0.639,Central and Eastern Europe,0.074,2017
South Korea,1.88,1.402,1.128,0.258,0.207,5.838,0.9,Eastern Asia,0.063,2017
Moldova,2.808,0.729,1.252,0.241,0.209,5.838,0.589,Central and Eastern Europe,0.01,2017
Romania,2.177,1.218,1.15,0.457,0.134,5.825,0.685,Central and Eastern Europe,0.004,2017
Bolivia,2.443,0.834,1.228,0.559,0.226,5.823,0.474,Latin America and Caribbean,0.06,2017
Turkmenistan,1.833,1.131,1.493,0.418,0.25,5.822,0.438,Central and Eastern Europe,0.259,2017
Kazakhstan,1.785,1.285,1.384,0.437,0.202,5.819,0.606,Central and Eastern Europe,0.119,2017
North Cyprus,1.549,1.347,1.186,0.471,0.267,5.81,0.835,Western Europe,0.155,2017
Slovenia,1.313,1.341,1.453,0.573,0.243,5.758,0.791,Central and Eastern Europe,0.045,2017
Peru,2.207,1.035,1.219,0.45,0.127,5.715,0.63,Latin America and Caribbean,0.047,2017
Mauritius,1.698,1.189,1.21,0.491,0.361,5.629,0.638,Sub-Saharan Africa,0.042,2017
Cyprus,1.621,1.356,1.131,0.355,0.271,5.621,0.845,Western Europe,0.041,2017
Estonia,1.358,1.321,1.477,0.479,0.099,5.611,0.695,Central and Eastern Europe,0.183,2017
Belarus,1.723,1.157,1.445,0.295,0.155,5.569,0.638,Central and Eastern Europe,0.156,2017
Libya,1.835,1.102,1.358,0.466,0.152,5.525,0.52,Middle East and Northern Africa,0.093,2017
Turkey,1.879,1.198,1.338,0.301,0.047,5.5,0.638,Middle East and Northern Africa,0.1,2017
Paraguay,1.685,0.933,1.507,0.474,0.224,5.493,0.579,Latin America and Caribbean,0.091,2017
Philippines,1.973,0.858,1.254,0.585,0.194,5.43,0.468,Southeastern Asia,0.099,2017
Serbia,1.947,1.069,1.258,0.209,0.22,5.395,0.651,Central and Eastern Europe,0.041,2017
Jordan,1.791,0.991,1.239,0.418,0.172,5.336,0.605,Middle East and Northern Africa,0.12,2017
Hungary,1.716,1.286,1.343,0.176,0.078,5.324,0.688,Central and Eastern Europe,0.037,2017
Jamaica,1.612,0.926,1.368,0.474,0.234,5.311,0.641,Latin America and Caribbean,0.055,2017
Croatia,1.854,1.223,0.968,0.256,0.248,5.293,0.701,Central and Eastern Europe,0.043,2017
Kosovo,2.011,0.951,1.138,0.26,0.32,5.279,0.541,Central and Eastern Europe,0.057,2017
China,1.765,1.081,1.161,0.473,0.029,5.273,0.741,Eastern Asia,0.023,2017
Pakistan,2.792,0.727,0.673,0.235,0.315,5.269,0.402,Southern Asia,0.124,2017
Indonesia,1.429,0.996,1.274,0.443,0.612,5.262,0.492,Southeastern Asia,0.015,2017
Venezuela,1.789,1.128,1.431,0.154,0.065,5.25,0.617,Latin America and Caribbean,0.064,2017
Montenegro,1.729,1.121,1.238,0.195,0.198,5.237,0.667,Central and Eastern Europe,0.088,2017
Morocco,2.456,0.878,0.775,0.408,0.032,5.235,0.598,Middle East and Northern Africa,0.088,2017
Azerbaijan,1.762,1.154,1.152,0.398,0.045,5.234,0.541,Central and Eastern Europe,0.181,2017
Dominican Republic,1.319,1.079,1.402,0.553,0.187,5.23,0.575,Latin America and Caribbean,0.114,2017
Greece,1.749,1.289,1.239,0.096,0,5.227,0.81,Western Europe,0.043,2017
Lebanon,1.695,1.075,1.13,0.289,0.264,5.225,0.735,Middle East and Northern Africa,0.038,2017
Portugal,1.108,1.315,1.367,0.498,0.095,5.195,0.796,Western Europe,0.016,2017
Bosnia and Herzegovina,1.892,0.982,1.069,0.204,0.329,5.182,0.705,Central and Eastern Europe,0,2017
Honduras,2.066,0.731,1.144,0.348,0.236,5.181,0.583,Latin America and Caribbean,0.073,2017
Macedonia,1.617,1.065,1.208,0.326,0.254,5.175,0.645,Central and Eastern Europe,0.06,2017
Vietnam,1.462,0.789,1.277,0.571,0.235,5.074,0.652,Southeastern Asia,0.088,2017
Nigeria,2.365,0.784,1.216,0.395,0.231,5.074,0.057,Sub-Saharan Africa,0.026,2017
Tajikistan,1.849,0.525,1.271,0.472,0.249,5.041,0.529,Central and Eastern Europe,0.146,2017
Bhutan,1.14,0.885,1.34,0.502,0.474,5.011,0.496,Southern Asia,0.173,2017
Kyrgyzstan,1.537,0.596,1.394,0.455,0.429,5.004,0.553,Central and Eastern Europe,0.039,2017
Nepal,1.891,0.48,1.179,0.44,0.394,4.962,0.504,Southern Asia,0.073,2017
Mongolia,1.111,1.027,1.493,0.394,0.338,4.955,0.558,Eastern Asia,0.033,2017
South Africa,1.511,1.055,1.385,0.479,0.139,4.829,0.187,Sub-Saharan Africa,0.073,2017
Tunisia,1.89,1.007,0.868,0.29,0.05,4.805,0.613,Middle East and Northern Africa,0.087,2017
Palestinian Territories,1.879,0.716,1.156,0.255,0.114,4.775,0.566,Middle East and Northern Africa,0.089,2017
Egypt,1.702,0.99,0.997,0.282,0.129,4.735,0.52,Middle East and Northern Africa,0.114,2017
Bulgaria,0.996,1.161,1.434,0.289,0.113,4.714,0.708,Central and Eastern Europe,0.011,2017
Sierra Leone,2.668,0.368,0.984,0.319,0.293,4.709,0.006,Sub-Saharan Africa,0.071,2017
Cameroon,2.334,0.564,0.946,0.43,0.236,4.695,0.133,Sub-Saharan Africa,0.051,2017
Iran,1.499,1.157,0.712,0.249,0.387,4.692,0.639,Middle East and Northern Africa,0.049,2017
Albania,1.49,0.996,0.804,0.381,0.201,4.644,0.731,Central and Eastern Europe,0.04,2017
Bangladesh,1.979,0.587,0.735,0.478,0.172,4.608,0.533,Southern Asia,0.124,2017
Kenya,1.652,0.56,1.068,0.453,0.445,4.553,0.31,Sub-Saharan Africa,0.065,2017
Myanmar,1.115,0.367,1.123,0.514,0.838,4.545,0.398,Southeastern Asia,0.189,2017
Senegal,1.79,0.479,1.18,0.378,0.183,4.535,0.409,Sub-Saharan Africa,0.115,2017
Zambia,1.827,0.636,1.003,0.462,0.25,4.514,0.258,Sub-Saharan Africa,0.078,2017
Iraq,1.319,1.103,0.979,0.289,0.2,4.497,0.501,Middle East and Northern Africa,0.107,2017
Gabon,1.323,1.198,1.156,0.312,0.044,4.465,0.357,Sub-Saharan Africa,0.076,2017
Ethiopia,2.016,0.339,0.865,0.409,0.313,4.46,0.353,Sub-Saharan Africa,0.165,2017
Sri Lanka,0.419,1.01,1.26,0.561,0.491,4.44,0.625,Southern Asia,0.074,2017
Armenia,1.521,0.901,1.007,0.198,0.083,4.376,0.638,Central and Eastern Europe,0.027,2017
India,1.519,0.792,0.754,0.47,0.232,4.315,0.455,Southern Asia,0.092,2017
Mauritania,1.652,0.648,1.272,0.096,0.202,4.292,0.285,Sub-Saharan Africa,0.137,2017
Congo (Brazzaville),1.724,0.809,0.832,0.435,0.121,4.291,0.29,Sub-Saharan Africa,0.08,2017
Georgia,1.5,0.951,0.571,0.309,0.054,4.286,0.65,Central and Eastern Europe,0.252,2017
Congo (Kinshasa),2.225,0.092,1.229,0.236,0.246,4.28,0.191,Sub-Saharan Africa,0.06,2017
Mali,1.668,0.476,1.281,0.307,0.183,4.19,0.169,Sub-Saharan Africa,0.105,2017
Ivory Coast,1.845,0.603,0.905,0.448,0.201,4.18,0.049,Sub-Saharan Africa,0.13,2017
Cambodia,1.043,0.602,1.006,0.633,0.386,4.168,0.43,Southeastern Asia,0.068,2017
Sudan,1.687,0.66,1.214,0.015,0.182,4.139,0.291,Sub-Saharan Africa,0.09,2017
Ghana,1.578,0.667,0.874,0.423,0.257,4.12,0.296,Sub-Saharan Africa,0.025,2017
Ukraine,0.814,0.895,1.395,0.123,0.27,4.096,0.576,Central and Eastern Europe,0.023,2017
Uganda,1.526,0.381,1.13,0.443,0.326,4.081,0.218,Sub-Saharan Africa,0.057,2017
Burkina Faso,1.727,0.35,1.043,0.324,0.251,4.032,0.216,Sub-Saharan Africa,0.12,2017
Niger,1.874,0.162,0.993,0.364,0.229,4.028,0.269,Sub-Saharan Africa,0.139,2017
Malawi,2.082,0.233,0.513,0.467,0.287,3.97,0.315,Sub-Saharan Africa,0.073,2017
Chad,2.071,0.438,0.954,0.162,0.216,3.936,0.041,Sub-Saharan Africa,0.054,2017
Zimbabwe,1.598,0.376,1.083,0.336,0.189,3.875,0.197,Sub-Saharan Africa,0.095,2017
Angola,1.614,0.858,1.104,0,0.098,3.795,0.05,Sub-Saharan Africa,0.07,2017
Afghanistan,2.151,0.401,0.582,0.106,0.312,3.794,0.181,Southern Asia,0.061,2017
Botswana,0.378,1.122,1.222,0.505,0.099,3.766,0.342,Sub-Saharan Africa,0.099,2017
Benin,1.886,0.431,0.435,0.426,0.208,3.657,0.21,Sub-Saharan Africa,0.061,2017
Madagascar,1.585,0.306,0.913,0.189,0.209,3.644,0.375,Sub-Saharan Africa,0.067,2017
Haiti,1.697,0.369,0.64,0.03,0.489,3.603,0.277,Latin America and Caribbean,0.1,2017
Yemen,1.346,0.592,0.935,0.249,0.104,3.593,0.31,Middle East and Northern Africa,0.057,2017
Liberia,1.673,0.119,0.872,0.333,0.267,3.533,0.23,Sub-Saharan Africa,0.039,2017
Guinea,1.552,0.245,0.791,0.349,0.265,3.507,0.194,Sub-Saharan Africa,0.111,2017
Togo,1.837,0.305,0.432,0.38,0.197,3.495,0.247,Sub-Saharan Africa,0.096,2017
Rwanda,0.54,0.369,0.946,0.582,0.253,3.471,0.326,Sub-Saharan Africa,0.455,2017
Syria,1.062,0.777,0.396,0.082,0.494,3.462,0.501,Middle East and Northern Africa,0.151,2017
Tanzania,0.621,0.511,1.042,0.39,0.354,3.349,0.365,Sub-Saharan Africa,0.066,2017
Burundi,1.683,0.092,0.63,0.06,0.204,2.905,0.152,Sub-Saharan Africa,0.084,2017
Finland,,1.305,1.592,0.681,0.192,7.632,0.874,,0.393,2018
Norway,,1.456,1.582,0.686,0.286,7.594,0.861,,0.34,2018
Denmark,,1.351,1.59,0.683,0.284,7.555,0.868,,0.408,2018
Iceland,,1.343,1.644,0.677,0.353,7.495,0.914,,0.138,2018
Switzerland,,1.42,1.549,0.66,0.256,7.487,0.927,,0.357,2018
Netherlands,,1.361,1.488,0.638,0.333,7.441,0.878,,0.295,2018
Canada,,1.33,1.532,0.653,0.321,7.328,0.896,,0.291,2018
New Zealand,,1.268,1.601,0.669,0.365,7.324,0.876,,0.389,2018
Sweden,,1.355,1.501,0.659,0.285,7.314,0.913,,0.383,2018
Australia,,1.34,1.573,0.647,0.361,7.272,0.91,,0.302,2018
Israel,,1.244,1.433,0.464,0.262,7.19,0.888,,0.082,2018
Austria,,1.341,1.504,0.617,0.242,7.139,0.891,,0.224,2018
Costa Rica,,1.01,1.459,0.632,0.143,7.072,0.817,,0.101,2018
Ireland,,1.448,1.583,0.614,0.307,6.977,0.876,,0.306,2018
Germany,,1.34,1.474,0.586,0.273,6.965,0.861,,0.28,2018
Belgium,,1.324,1.483,0.583,0.188,6.927,0.894,,0.24,2018
Luxembourg,,1.576,1.52,0.632,0.196,6.91,0.896,,0.321,2018
United States,,1.398,1.471,0.547,0.291,6.886,0.819,,0.133,2018
United Kingdom,,1.301,1.559,0.533,0.354,6.814,0.883,,0.272,2018
United Arab Emirates,,2.096,0.776,0.284,0.186,6.774,0.67,,N/A,2018
Czech Republic,,1.233,1.489,0.543,0.064,6.711,0.854,,0.034,2018
Malta,,1.27,1.525,0.645,0.376,6.627,0.884,,0.142,2018
France,,1.293,1.466,0.52,0.098,6.489,0.908,,0.176,2018
Mexico,,1.038,1.252,0.479,0.069,6.488,0.761,,0.095,2018
Chile,,1.131,1.331,0.431,0.197,6.476,0.808,,0.061,2018
Taiwan,,1.365,1.436,0.418,0.151,6.441,0.857,,0.078,2018
Panama,,1.112,1.438,0.597,0.125,6.43,0.759,,0.063,2018
Brazil,,0.986,1.474,0.493,0.11,6.419,0.675,,0.088,2018
Argentina,,1.073,1.468,0.57,0.062,6.388,0.744,,0.054,2018
Guatemala,,0.781,1.268,0.604,0.179,6.382,0.608,,0.071,2018
Uruguay,,1.093,1.459,0.625,0.13,6.379,0.771,,0.155,2018
Qatar,,1.649,1.303,0.654,0.256,6.374,0.748,,0.171,2018
Saudi Arabia,,1.379,1.331,0.509,0.098,6.371,0.633,,0.127,2018
Singapore,,1.529,1.451,0.631,0.261,6.343,1.008,,0.457,2018
Malaysia,,1.161,1.258,0.356,0.311,6.322,0.669,,0.059,2018
Spain,,1.251,1.538,0.449,0.142,6.31,0.965,,0.074,2018
Colombia,,0.96,1.439,0.531,0.099,6.26,0.635,,0.039,2018
Trinidad & Tobago,,1.223,1.492,0.575,0.171,6.192,0.564,,0.019,2018
Slovakia,,1.21,1.537,0.354,0.118,6.173,0.776,,0.014,2018
El Salvador,,0.806,1.231,0.461,0.065,6.167,0.639,,0.082,2018
Nicaragua,,0.668,1.319,0.527,0.208,6.141,0.7,,0.128,2018
Poland,,1.176,1.448,0.546,0.108,6.123,0.781,,0.064,2018
Bahrain,,1.338,1.366,0.594,0.243,6.105,0.698,,0.123,2018
Uzbekistan,,0.719,1.584,0.724,0.328,6.096,0.605,,0.259,2018
Kuwait,,1.474,1.301,0.554,0.167,6.083,0.675,,0.106,2018
Thailand,,1.016,1.417,0.637,0.364,6.072,0.707,,0.029,2018
Italy,,1.264,1.501,0.281,0.137,6,0.946,,0.028,2018
Ecuador,,0.889,1.33,0.556,0.114,5.973,0.736,,0.12,2018
Belize,,0.807,1.101,0.593,0.183,5.956,0.474,,0.089,2018
Lithuania,,1.197,1.527,0.35,0.026,5.952,0.716,,0.006,2018
Slovenia,,1.219,1.506,0.633,0.16,5.948,0.856,,0.051,2018
Romania,,1.116,1.219,0.528,0.088,5.945,0.726,,0.001,2018
Latvia,,1.148,1.454,0.363,0.092,5.933,0.671,,0.066,2018
Japan,,1.294,1.462,0.553,0.079,5.915,0.988,,0.15,2018
Mauritius,,1.09,1.387,0.584,0.245,5.891,0.684,,0.05,2018
Jamaica,,0.819,1.493,0.575,0.096,5.89,0.693,,0.031,2018
South Korea,,1.266,1.204,0.244,0.175,5.875,0.955,,0.051,2018
Northern Cyprus,,1.229,1.211,0.495,0.179,5.835,0.909,,0.154,2018
Russia,,1.151,1.479,0.399,0.065,5.81,0.599,,0.025,2018
Kazakhstan,,1.143,1.516,0.454,0.148,5.79,0.631,,0.121,2018
Cyprus,,1.229,1.191,0.423,0.202,5.762,0.909,,0.035,2018
Bolivia,,0.751,1.223,0.606,0.141,5.752,0.508,,0.054,2018
Estonia,,1.2,1.532,0.553,0.086,5.739,0.737,,0.174,2018
Paraguay,,0.835,1.522,0.541,0.162,5.681,0.615,,0.074,2018
Peru,,0.934,1.249,0.53,0.092,5.663,0.674,,0.034,2018
Kosovo,,0.855,1.23,0.448,0.274,5.662,0.578,,0.023,2018
Moldova,,0.657,1.301,0.232,0.171,5.64,0.62,,0,2018
Turkmenistan,,1.016,1.533,0.417,0.199,5.636,0.517,,0.037,2018
Hungary,,1.171,1.401,0.259,0.061,5.62,0.732,,0.022,2018
Libya,,0.985,1.35,0.496,0.116,5.566,0.553,,0.148,2018
Philippines,,0.775,1.312,0.643,0.12,5.524,0.513,,0.105,2018
Honduras,,0.62,1.205,0.459,0.197,5.504,0.622,,0.074,2018
Belarus,,1.039,1.498,0.307,0.101,5.483,0.7,,0.154,2018
Turkey,,1.148,1.38,0.324,0.106,5.483,0.686,,0.109,2018
Pakistan,,0.652,0.81,0.334,0.216,5.472,0.424,,0.113,2018
Hong Kong,,1.405,1.29,0.524,0.246,5.43,1.03,,0.291,2018
Portugal,,1.188,1.429,0.562,0.055,5.41,0.884,,0.017,2018
Serbia,,0.975,1.369,0.288,0.134,5.398,0.685,,0.043,2018
Greece,,1.154,1.202,0.131,0,5.358,0.879,,0.044,2018
Tajikistan,,0.474,1.179,0.503,0.214,5.358,0.598,,0.136,2018
Montenegro,,1.017,1.279,0.259,0.111,5.347,0.729,,0.081,2018
Croatia,,1.115,1.161,0.38,0.12,5.321,0.737,,0.039,2018
Dominican Republic,,0.982,1.441,0.578,0.12,5.302,0.614,,0.106,2018
Algeria,,0.979,1.154,0.077,0.055,5.295,0.687,,0.135,2018
Morocco,,0.779,0.797,0.46,0.026,5.254,0.669,,0.074,2018
China,,0.989,1.142,0.597,0.029,5.246,0.799,,0.103,2018
Azerbaijan,,1.024,1.161,0.43,0.031,5.201,0.603,,0.176,2018
Lebanon,,0.965,1.166,0.292,0.187,5.199,0.785,,0.034,2018
Macedonia,,0.959,1.239,0.394,0.173,5.185,0.691,,0.052,2018
Jordan,,0.822,1.265,0.468,0.13,5.161,0.645,,0.134,2018
Nigeria,,0.689,1.172,0.462,0.201,5.155,0.048,,0.032,2018
Kyrgyzstan,,0.53,1.416,0.54,0.281,5.131,0.594,,0.035,2018
Bosnia and Herzegovina,,0.915,1.078,0.28,0.216,5.129,0.758,,0,2018
Mongolia,,0.914,1.517,0.395,0.253,5.125,0.575,,0.032,2018
Vietnam,,0.715,1.365,0.618,0.177,5.103,0.702,,0.079,2018
Indonesia,,0.899,1.215,0.538,0.484,5.093,0.522,,0.018,2018
Bhutan,,0.796,1.335,0.541,0.364,5.082,0.527,,0.171,2018
Somalia,,0,0.712,0.674,0.238,4.982,0.115,,0.282,2018
Cameroon,,0.535,0.891,0.454,0.183,4.975,0.182,,0.043,2018
Bulgaria,,1.054,1.515,0.359,0.064,4.933,0.712,,0.009,2018
Nepal,,0.425,1.228,0.526,0.302,4.88,0.539,,0.078,2018
Venezuela,,0.996,1.469,0.133,0.056,4.806,0.657,,0.052,2018
Gabon,,1.036,1.164,0.356,0.032,4.758,0.404,,0.052,2018
Palestinian Territories,,0.642,1.217,0.266,0.086,4.743,0.602,,0.076,2018
South Africa,,0.94,1.41,0.516,0.103,4.724,0.33,,0.056,2018
Iran,,1.059,0.771,0.459,0.282,4.707,0.691,,0.129,2018
Ivory Coast,,0.541,0.872,0.467,0.146,4.671,0.08,,0.103,2018
Ghana,,0.592,0.896,0.499,0.212,4.657,0.337,,0.029,2018
Senegal,,0.429,1.117,0.406,0.138,4.631,0.433,,0.082,2018
Laos,,0.72,1.034,0.626,0.23,4.623,0.441,,0.174,2018
Tunisia,,0.9,0.906,0.271,0.04,4.592,0.69,,0.063,2018
Albania,,0.916,0.817,0.419,0.149,4.586,0.79,,0.032,2018
Sierra Leone,,0.256,0.813,0.355,0.238,4.571,0,,0.053,2018
Congo (Brazzaville),,0.682,0.811,0.514,0.091,4.559,0.343,,0.077,2018
Bangladesh,,0.532,0.85,0.58,0.153,4.5,0.579,,0.144,2018
Sri Lanka,,0.918,1.314,0.585,0.307,4.471,0.672,,0.05,2018
Iraq,,1.01,0.971,0.304,0.148,4.456,0.536,,0.095,2018
Mali,,0.37,1.233,0.367,0.139,4.447,0.152,,0.056,2018
Namibia,,0.874,1.281,0.519,0.051,4.441,0.365,,0.064,2018
Cambodia,,0.549,1.088,0.696,0.256,4.433,0.457,,0.065,2018
Burkina Faso,,0.314,1.097,0.312,0.175,4.424,0.254,,0.128,2018
Egypt,,0.885,1.025,0.312,0.092,4.419,0.553,,0.107,2018
Mozambique,,0.198,0.902,0.531,0.206,4.417,0.173,,0.158,2018
Kenya,,0.493,1.048,0.504,0.352,4.41,0.454,,0.055,2018
Zambia,,0.562,1.047,0.503,0.221,4.377,0.295,,0.082,2018
Mauritania,,0.557,1.245,0.129,0.134,4.356,0.292,,0.093,2018
Ethiopia,,0.308,0.95,0.452,0.22,4.35,0.391,,0.146,2018
Georgia,,0.853,0.592,0.375,0.038,4.34,0.643,,0.215,2018
Armenia,,0.816,0.99,0.26,0.077,4.321,0.666,,0.028,2018
Myanmar,,0.682,1.174,0.58,0.598,4.308,0.429,,0.178,2018
Chad,,0.358,0.907,0.189,0.181,4.301,0.053,,0.06,2018
Congo (Kinshasa),,0.069,1.136,0.312,0.197,4.245,0.204,,0.052,2018
India,,0.721,0.747,0.539,0.172,4.19,0.485,,0.093,2018
Niger,,0.131,0.867,0.39,0.175,4.166,0.221,,0.099,2018
Uganda,,0.322,1.09,0.45,0.259,4.161,0.237,,0.061,2018
Benin,,0.378,0.372,0.44,0.163,4.141,0.24,,0.067,2018
Sudan,,0.605,1.24,0.016,0.134,4.139,0.312,,0.082,2018
Ukraine,,0.793,1.413,0.163,0.187,4.103,0.609,,0.011,2018
Togo,,0.259,0.474,0.434,0.158,3.999,0.253,,0.101,2018
Guinea,,0.344,0.792,0.394,0.185,3.964,0.211,,0.094,2018
Lesotho,,0.472,1.215,0.423,0.116,3.808,0.079,,0.112,2018
Angola,,0.73,1.125,0,0.079,3.795,0.269,,0.061,2018
Madagascar,,0.262,0.908,0.221,0.155,3.774,0.402,,0.049,2018
Zimbabwe,,0.357,1.094,0.406,0.132,3.692,0.248,,0.099,2018
Afghanistan,,0.332,0.537,0.085,0.191,3.632,0.255,,0.036,2018
Botswana,,1.017,1.174,0.557,0.042,3.59,0.417,,0.092,2018
Malawi,,0.186,0.541,0.531,0.21,3.587,0.306,,0.08,2018
Haiti,,0.315,0.714,0.025,0.392,3.582,0.289,,0.104,2018
Liberia,,0.076,0.858,0.419,0.206,3.495,0.267,,0.03,2018
Syria,,0.689,0.382,0.088,0.376,3.462,0.539,,0.144,2018
Rwanda,,0.332,0.896,0.636,0.2,3.408,0.4,,0.444,2018
Yemen,,0.442,1.073,0.244,0.083,3.355,0.343,,0.064,2018
Tanzania,,0.455,0.991,0.481,0.27,3.303,0.381,,0.097,2018
South Sudan,,0.337,0.608,0.112,0.224,3.254,0.177,,0.106,2018
Central African Republic,,0.024,0,0.305,0.218,3.083,0.01,,0.038,2018
Burundi,,0.091,0.627,0.065,0.149,2.905,0.145,,0.076,2018